{"cameraMode":{"drawMode":0,"name":"Shaded","section":"Shading Mode"},"sceneLighting":true,"audioPlay":false,"sceneViewState":{"m_AlwaysRefresh":false,"showFog":true,"showSkybox":true,"showFlares":true,"showImageEffects":true,"showParticleSystems":true,"showVisualEffectGraphs":true,"m_FxEnabled":true},"in2DMode":false,"pivot":{"x":-7.078976631164551,"y":2.620680570602417,"z":2.2995615005493166},"rotation":{"x":0.031153064221143724,"y":0.04555672034621239,"z":0.0014219252625480295,"w":-0.9984789490699768},"size":5.055333614349365,"orthographic":false}